{
  "A": {
    "ops_per_sec": 216.32242197732026,
    "p50_ms": 35.13941302662715,
    "p95_ms": 58.59719091677105,
    "p99_ms": 83.86523618130013
  },
  "B": {
    "ops_per_sec": 123.68413922229598,
    "p50_ms": 66.25440396601334,
    "p95_ms": 104.49039861559866,
    "p99_ms": 115.0602229288778
  },
  "C": {
    "ops_per_sec": 226.50306761314056,
    "p50_ms": 33.7635800242424,
    "p95_ms": 50.449442793615155,
    "p99_ms": 58.41844290029253
  }
}