{
  "A": {
    "ops_per_sec": 3288.6869651971847,
    "p50_ms": 0.009589013643562794,
    "p95_ms": 35.38729151478037,
    "p99_ms": 44.97724899556488
  },
  "B": {
    "ops_per_sec": 376.01199182072196,
    "p50_ms": 2.6428435230627656,
    "p95_ms": 50.12153001734987,
    "p99_ms": 72.72556069074199
  },
  "C": {
    "ops_per_sec": 53427.50370082915,
    "p50_ms": 0.006824033334851265,
    "p95_ms": 1.022735028527677,
    "p99_ms": 1.333838060963899
  }
}