{
  "A": {
    "ops_per_sec": 1048.9458803614123,
    "p50_ms": 3.3797729993239045,
    "p95_ms": 25.496021215803825,
    "p99_ms": 39.996863743290305
  },
  "B": {
    "ops_per_sec": 317.7077428899479,
    "p50_ms": 37.02632198110223,
    "p95_ms": 43.20831201039255,
    "p99_ms": 50.56250458583231
  },
  "C": {
    "ops_per_sec": 2179.034489684199,
    "p50_ms": 2.4702090304344893,
    "p95_ms": 15.678415540605783,
    "p99_ms": 20.501374537125212
  }
}