{
  "A": {
    "ops_per_sec": 1222.5579846330088,
    "p50_ms": 1.9129135180264711,
    "p95_ms": 26.750274252844974,
    "p99_ms": 41.87014696071856
  },
  "B": {
    "ops_per_sec": 309.77624972065956,
    "p50_ms": 31.63381345802918,
    "p95_ms": 43.21291483938694,
    "p99_ms": 54.9185281503014
  },
  "C": {
    "ops_per_sec": 11525.372282642878,
    "p50_ms": 0.1292100641876459,
    "p95_ms": 1.8624289659783244,
    "p99_ms": 2.8581750986632217
  }
}