{
  "A": {
    "ops_per_sec": 1010.5244445221898,
    "p50_ms": 3.3142479369416833,
    "p95_ms": 25.402250338811406,
    "p99_ms": 46.98111374396831
  },
  "B": {
    "ops_per_sec": 289.208501400555,
    "p50_ms": 40.906111942604184,
    "p95_ms": 48.51522836834192,
    "p99_ms": 52.0323185902089
  },
  "C": {
    "ops_per_sec": 11699.981062968816,
    "p50_ms": 0.1386789372190833,
    "p95_ms": 3.312558145262306,
    "p99_ms": 5.9847629023715845
  }
}