{
  "A": {
    "ops_per_sec": 649.772742901793,
    "p50_ms": 7.314710994251072,
    "p95_ms": 45.18106472096406,
    "p99_ms": 55.44671515817753
  },
  "B": {
    "ops_per_sec": 229.45801336527836,
    "p50_ms": 42.95903199817985,
    "p95_ms": 52.37189081963151,
    "p99_ms": 60.91531334910541
  },
  "C": {
    "ops_per_sec": 2249.8576632426166,
    "p50_ms": 2.8411050443537533,
    "p95_ms": 5.37421704502776,
    "p99_ms": 17.687263103434823
  }
}